<?xml version="1.0" encoding="UTF-8"?>
    <addon id="repository.TvSpecialist" name="TvSpecialist" version="1.0.0" provider-name="TvSpecialist">
        <requires>
            <import addon="xbmc.addon" version="12.0.0"/>
        </requires>
        <extension point="xbmc.addon.repository" name="Tv Specialist Repository">
            <info compressed="false">https://raw.githubusercontent.com/jericho-2016/Jericho/master/addons.xml</info>
            <checksum>https://raw.githubusercontent.com/jericho-2016/Jericho/master/addons.xml.md5</checksum>
            <datadir zip="true">https://raw.githubusercontent.com/jericho-2016/Jericho/master/zips/</datadir>
            <hashes>false</hashes>
        </extension>
        <extension point="xbmc.addon.metadata">
            <summary></summary>
			<description></description>
			<disclaimer></disclaimer>
            <platform>all</platform>
    </extension>
</addon>